Rick, rjaeger@usc.edu.au
Brad,Bradley.Harding@research.usc.edu.au
Luke Ryan lwr001@student.usc.edu.au
Luke,lkv001@student.usc.edu.au
Peter,Peter.Schwammberger@research.usc.edu.au
Alise,Alise.Fox@research.usc.edu.au
Ali,Alessandra.Whaite@research.usc.edu.au
Sean,Sean.Jamieson@research.usc.edu.au
Jay R,Jay.R.Gorospe@research.usc.edu.au
Greg,Gregory.Dobson@research.usc.edu.au
Anthony,Anthony.Schultz@research.usc.edu.au